Date,Trade Index,Ticker,Entry Time,Exit Time,Side,Price,P/SL %,numer of exits
2026-08-11,1,NSE:CrudCE7800,18:59,19:16:00,BUY,2510,-2%,1
2026-08-12,1,Crud 8050,9:37,9:41,BUY,2510,-2%,1
2026-08-12,2,crud CE 7950,18:51,9:23,BUY,1980,5:18,1
2026-08-12,3,crud CE 7950,10:59,11:07,BUY,5840,11.86%,1
2026-08-13,2,Nifty PE 24350,14:01,,BUY,3850,8.10%,1
2026-08-13,3,Gold,4:36,16:56,Buy,4390,0,1
2026-08-13,4,Gold,17:04,17:10,Buy,4388.74,-1.38%,1
2026-08-13,5,Gold,17:14,17:15,Buy,4384.84,-0.90%,1
2026-08-13,6,Gold,9:09,9:21,Buy,4381,-3.99,1
2026-08-14,1,Nifty CE 24350,13.34,12:42,Buy,6430,-4.13%,1
2026-08-14,2,Nifty CE 24350,12.48,12.52,Buy,5245,6.95%,1
2026-08-14,3,Nifty CE 24350,1.38,1.39,Buy,6000,7.59%,1
2026-08-14,4,Nifty PE 24350,13:55,2,Buy,3510,-8.41%,1
2026-08-14,5,Gold,19.29,20.12,Buy,4385,1.77,1
2026-08-14,5,Gold,20:14,20:15,Buy,4383,-1.41,1
2026-08-17,1,CRUD PE 7900,18:14,18:48,Buy,416,28.73,2
2026-08-18,1,CRUD PE 7901,7:53,20:20,Buy,17.8,-18.56,1
2026-08-18,1,CRUD PE 7901,11:32,11:48,Buy,14.1,21.55,1
2026-08-18,2,Nifty CE 24250,13:19,13:21,Buy,50.57,0.10%,1
2026-08-18,3,CRUD CE 8150,16:48,17:05,Buy,453.2,-1.33,1
2026-08-18,4,CRUD CE 8150,17:06,17:08,Buy,450.55,-0.91,1
2026-08-18,5,CRUD CE 8150,17:35,17:43,Buy,459.25,1.54,1
2026-08-18,6,CRUD CE 8100,20:06,20:11,Buy,338.5,-1.21,1
2026-08-18,7,CRUD CE 8101,20.13,20.32,Buy,443.55,5.8,2
2026-08-19,1,Nifty CE 24100,10:24,10:30,Buy,132.35,-3.8,1
2026-08-19,2,Nifty CE 24100,10:35,10:36,Buy,130,-3.43,1
2026-08-19,3,Nifty CE 24100,10:38,10:41,Buy,127.45,-1.92,1
2026-08-19,4,Nifty CE 24100,11.08,11.25,Buy,124.35,2.33,1
2026-08-19,5,Nifty PE 24100,11.31,11.4,Buy,111.8,1.76,2
2026-08-19,6,Nifty CE 24100,2:29,2:35,Buy,117.6,6.23,1
2026-08-19,7,Gold,15:49,15:53,Sell,4367.11,-0.049,1
2026-08-19,8,Gold,16.01,16.28,Sell,4367.78,-0.041,1
2026-08-19,9,Gold,16.39,16.42,Sell,4367.78,-0.041,1
2026-08-19,10,Gold,4:52,5:02,Buy,4371.35,-0.055,1
2026-08-19,11,Gold,5:14,5:21,Buy,4364.97,-0.008,1
2026-08-19,12,Gold,5:23,5:32,Buy,4365.32,-0.032,1
2026-08-19,13,Gold,5:57,6:18,Buy,4369.4,0.4965,1
2026-08-19,14,Gold,6:31,6:37,Sell,4433.91,0.039,1
2026-08-19,15,Gold,19:04,19:36,Sell,4458.43,-0.168,1
2026-08-19,15,Gold,19:42,19:42,Sell,4470.03,-0.093,1
2026-08-19,15,Gold,21:02,21:11,Buy,4484.44,0.015,1
2026-08-19,15,Gold,21:11,21:13,Sell,4485.4,-0.57,1
2026-08-20,1,Nifty CE 24200,11.23,11.33,Buy,129.4,6.61,1
2026-08-20,2,Nifty PE 24200,12:52,13:23,Buy,47.75,5.03,1
2026-08-21,1,Nifty CE 24200,9:34,9:46,Buy,127.15,7.55,1
2026-08-21,2,Nifty PE 24200,10:32,10:45,Buy,46.6,-3.65,1
2026-08-21,3,Nifty PE 24200,10:46,10:52,Buy,45.15,1.66,1
2026-08-21,4,Gold,14:47,15:32,Sell,4596.81,0.188,1
2026-08-21,5,Gold,15:46,,Buy,4580.08,0.3805,2
