Date,Trade Index,Ticker,Category,Entry Time,Exit Time,Side,Price ($),Target Exits,Traded Quantity,Capital Invested (Rs),Leveraged Exposure (Rs),P/L % (Before Brok),P/L Rs (Before Brok),Brokerage (Rs),P/L Rs (After Brok),P/L % (After Brok)
2026-08-11,1,NSE:CrudCE7800,Crud,18:59,19:16:00,BUY,2510.0,1,1 Lot(s),2510.0,2510.0,-2.00%,-50.2,64.0,-114.2,-4.55%
2026-08-12,1,Crud 8050,Crud,9:37,9:41,BUY,2510.0,1,1 Lot(s),2510.0,2510.0,-2.00%,-50.2,64.0,-114.2,-4.55%
2026-08-12,2,crud CE 7950,Crud,18:51,9:23,BUY,1980.0,1,1 Lot(s),1980.0,1980.0,0.00%,0.0,64.0,-64.0,-3.23%
2026-08-12,3,crud CE 7950,Crud,10:59,11:07,BUY,5840.0,1,1 Lot(s),5840.0,5840.0,11.86%,692.62,64.0,628.62,10.76%
2026-08-13,2,Nifty PE 24350,Nifty,14:01,,BUY,3850.0,1,2 Lot(s),7700.0,7700.0,8.10%,623.7,64.0,559.7,7.27%
2026-08-13,3,Gold,Gold,4:36,16:56,Buy,4390.0,1,0.3350 oz,5000.0,150000.0,0.0000%,0.0,22.0,-22.0,-0.0147%
2026-08-13,4,Gold,Gold,17:04,17:10,Buy,4388.74,1,0.3351 oz,5000.0,150000.0,-1.3800%,-2070.0,22.0,-2092.0,-1.3947%
2026-08-13,5,Gold,Gold,17:14,17:15,Buy,4384.84,1,0.3354 oz,5000.0,150000.0,-0.9000%,-1350.0,22.0,-1372.0,-0.9147%
2026-08-13,6,Gold,Gold,9:09,9:21,Buy,4381.0,1,0.3357 oz,5000.0,150000.0,-3.9900%,-5985.0,22.0,-6007.0,-4.0047%
2026-08-14,1,Nifty CE 24350,Nifty,13.34,12:42,Buy,6430.0,1,1 Lot(s),6430.0,6430.0,-4.13%,-265.56,64.0,-329.56,-5.13%
2026-08-14,2,Nifty CE 24350,Nifty,12.48,12.52,Buy,5245.0,1,1 Lot(s),5245.0,5245.0,6.95%,364.53,64.0,300.53,5.73%
2026-08-14,3,Nifty CE 24350,Nifty,1.38,1.39,Buy,6000.0,1,1 Lot(s),6000.0,6000.0,7.59%,455.4,64.0,391.4,6.52%
2026-08-14,4,Nifty PE 24350,Nifty,13:55,2,Buy,3510.0,1,2 Lot(s),7020.0,7020.0,-8.41%,-590.38,64.0,-654.38,-9.32%
2026-08-14,5,Gold,Gold,19.29,20.12,Buy,4385.0,1,0.3354 oz,5000.0,150000.0,1.7700%,2655.0,22.0,2633.0,1.7553%
2026-08-14,5,Gold,Gold,20:14,20:15,Buy,4383.0,1,0.3355 oz,5000.0,150000.0,-1.4100%,-2115.0,22.0,-2137.0,-1.4247%
2026-08-17,1,CRUD PE 7900,Crud,18:14,18:48,Buy,416.0,2,2 Lot(s),8320.0,8320.0,28.73%,2390.34,64.0,2326.34,27.96%
2026-08-18,1,CRUD PE 7901,Crud,7:53,20:20,Buy,17.8,1,1 Lot(s),178.0,178.0,-18.56%,-33.04,64.0,-97.04,-54.52%
2026-08-18,1,CRUD PE 7901,Crud,11:32,11:48,Buy,14.1,1,1 Lot(s),141.0,141.0,21.55%,30.39,64.0,-33.61,-23.84%
2026-08-18,2,Nifty CE 24250,Nifty,13:19,13:21,Buy,50.57,1,2 Lot(s),6574.1,6574.1,0.10%,6.57,64.0,-57.43,-0.87%
2026-08-18,3,CRUD CE 8150,Crud,16:48,17:05,Buy,453.2,1,1 Lot(s),4532.0,4532.0,-1.33%,-60.28,64.0,-124.28,-2.74%
2026-08-18,4,CRUD CE 8150,Crud,17:06,17:08,Buy,450.55,1,1 Lot(s),4505.5,4505.5,-0.91%,-41.0,64.0,-105.0,-2.33%
2026-08-18,5,CRUD CE 8150,Crud,17:35,17:43,Buy,459.25,1,1 Lot(s),4592.5,4592.5,1.54%,70.72,64.0,6.72,0.15%
2026-08-18,6,CRUD CE 8100,Crud,20:06,20:11,Buy,338.5,1,1 Lot(s),3385.0,3385.0,-1.21%,-40.96,64.0,-104.96,-3.10%
2026-08-18,7,CRUD CE 8101,Crud,20.13,20.32,Buy,443.55,2,2 Lot(s),8871.0,8871.0,5.80%,514.52,64.0,450.52,5.08%
2026-08-19,1,Nifty CE 24100,Nifty,10:24,10:30,Buy,132.35,1,1 Lot(s),8602.75,8602.75,-3.80%,-326.9,64.0,-390.9,-4.54%
2026-08-19,2,Nifty CE 24100,Nifty,10:35,10:36,Buy,130.0,1,1 Lot(s),8450.0,8450.0,-3.43%,-289.84,64.0,-353.84,-4.19%
2026-08-19,3,Nifty CE 24100,Nifty,10:38,10:41,Buy,127.45,1,1 Lot(s),8284.25,8284.25,-1.92%,-159.06,64.0,-223.06,-2.69%
2026-08-19,4,Nifty CE 24100,Nifty,11.08,11.25,Buy,124.35,1,1 Lot(s),8082.75,8082.75,2.33%,188.33,64.0,124.33,1.54%
2026-08-19,5,Nifty PE 24100,Nifty,11.31,11.4,Buy,111.8,2,1 Lot(s),7267.0,7267.0,1.76%,127.9,64.0,63.9,0.88%
2026-08-19,6,Nifty CE 24100,Nifty,2:29,2:35,Buy,117.6,1,1 Lot(s),7644.0,7644.0,6.23%,476.22,64.0,412.22,5.39%
2026-08-19,7,Gold,Gold,15:49,15:53,Sell,4367.11,1,0.3367 oz,5000.0,150000.0,-0.0490%,-73.5,22.0,-95.5,-0.0637%
2026-08-19,8,Gold,Gold,16.01,16.28,Sell,4367.78,1,0.3367 oz,5000.0,150000.0,-0.0410%,-61.5,22.0,-83.5,-0.0557%
2026-08-19,9,Gold,Gold,16.39,16.42,Sell,4367.78,1,0.3367 oz,5000.0,150000.0,-0.0410%,-61.5,22.0,-83.5,-0.0557%
2026-08-19,10,Gold,Gold,4:52,5:02,Buy,4371.35,1,0.3364 oz,5000.0,150000.0,-0.0550%,-82.5,22.0,-104.5,-0.0697%
2026-08-19,11,Gold,Gold,5:14,5:21,Buy,4364.97,1,0.3369 oz,5000.0,150000.0,-0.0080%,-12.0,22.0,-34.0,-0.0227%
2026-08-19,12,Gold,Gold,5:23,5:32,Buy,4365.32,1,0.3369 oz,5000.0,150000.0,-0.0320%,-48.0,22.0,-70.0,-0.0467%
2026-08-19,13,Gold,Gold,5:57,6:18,Buy,4369.4,1,0.3366 oz,5000.0,150000.0,0.4965%,744.75,22.0,722.75,0.4818%
2026-08-19,14,Gold,Gold,6:31,6:37,Sell,4433.91,1,0.3317 oz,5000.0,150000.0,0.0390%,58.5,22.0,36.5,0.0243%
2026-08-19,15,Gold,Gold,19:04,19:36,Sell,4458.43,1,0.3298 oz,5000.0,150000.0,-0.1680%,-252.0,22.0,-274.0,-0.1827%
2026-08-19,15,Gold,Gold,19:42,19:42,Sell,4470.03,1,0.3290 oz,5000.0,150000.0,-0.0930%,-139.5,22.0,-161.5,-0.1077%
2026-08-19,15,Gold,Gold,21:02,21:11,Buy,4484.44,1,0.3279 oz,5000.0,150000.0,0.0150%,22.5,22.0,0.5,0.0003%
2026-08-19,15,Gold,Gold,21:11,21:13,Sell,4485.4,1,0.3279 oz,5000.0,150000.0,-0.5700%,-855.0,22.0,-877.0,-0.5847%
2026-08-20,1,Nifty CE 24200,Nifty,11.23,11.33,Buy,129.4,1,1 Lot(s),8411.0,8411.0,6.61%,555.97,64.0,491.97,5.85%
2026-08-20,2,Nifty PE 24200,Nifty,12:52,13:23,Buy,47.75,1,2 Lot(s),6207.5,6207.5,5.03%,312.24,64.0,248.24,4.00%
2026-08-21,1,Nifty CE 24200,Nifty,9:34,9:46,Buy,127.15,1,1 Lot(s),8264.75,8264.75,7.55%,623.99,64.0,559.99,6.78%
2026-08-21,2,Nifty PE 24200,Nifty,10:32,10:45,Buy,46.6,1,2 Lot(s),6058.0,6058.0,-3.65%,-221.12,64.0,-285.12,-4.71%
2026-08-21,3,Nifty PE 24200,Nifty,10:46,10:52,Buy,45.15,1,2 Lot(s),5869.5,5869.5,1.66%,97.43,64.0,33.43,0.57%
2026-08-21,4,Gold,Gold,14:47,15:32,Sell,4596.81,1,0.3199 oz,5000.0,150000.0,0.1880%,282.0,22.0,260.0,0.1733%
2026-08-21,5,Gold,Gold,15:46,,Buy,4580.08,2,0.3211 oz,5000.0,150000.0,0.3805%,570.75,22.0,548.75,0.3658%
